{
  "features": [
    "hour",
    "day_of_week",
    "month",
    "year",
    "is_weekend",
    "is_holiday",
    "temp",
    "rain_1h",
    "snow_1h",
    "clouds_all",
    "weather_encoded",
    "traffic_rolling_3h",
    "traffic_rolling_24h"
  ],
  "weather_classes": [
    "Clear",
    "Clouds",
    "Drizzle",
    "Fog",
    "Haze",
    "Mist",
    "Rain",
    "Smoke",
    "Snow",
    "Squall",
    "Thunderstorm"
  ],
  "feature_importance": {
    "traffic_rolling_3h": 0.7880482797760002,
    "hour": 0.19651573725356566,
    "traffic_rolling_24h": 0.003773565166264307,
    "day_of_week": 0.0031449928891565068,
    "temp": 0.002842276978289603,
    "month": 0.001407698853030691,
    "weather_encoded": 0.001102526922936811,
    "year": 0.0010680613789475757,
    "is_weekend": 0.0009692880250261004,
    "clouds_all": 0.0008258343276597364,
    "rain_1h": 0.0002714313092565516,
    "is_holiday": 1.863145687023364e-05,
    "snow_1h": 1.1675662996050925e-05
  },
  "results": {
    "Random Forest": {
      "MAE": 129.12,
      "RMSE": 223.94,
      "R2": 0.9873
    },
    "Gradient Boosting": {
      "MAE": 157.37,
      "RMSE": 250.28,
      "R2": 0.9842
    },
    "Linear Regression": {
      "MAE": 477.07,
      "RMSE": 671.53,
      "R2": 0.8859
    }
  },
  "y_test_sample": [
    6364,
    2030,
    708,
    2029,
    3734,
    4337,
    5821,
    5710,
    5017,
    3247,
    873,
    6593,
    3994,
    3515,
    255,
    3340,
    5869,
    356,
    4775,
    4529,
    3082,
    1864,
    4623,
    2865,
    4716,
    5770,
    4495,
    4911,
    342,
    845,
    1906,
    254,
    2713,
    2418,
    6807,
    3451,
    765,
    2277,
    5014,
    4778,
    6113,
    5407,
    4884,
    6400,
    5268,
    3126,
    5732,
    4872,
    697,
    3165,
    1656,
    1367,
    4434,
    3815,
    3109,
    710,
    2133,
    521,
    1570,
    3535,
    5806,
    5907,
    5953,
    868,
    1150,
    4946,
    2536,
    441,
    437,
    5609,
    404,
    294,
    3619,
    3178,
    6888,
    1885,
    514,
    5527,
    654,
    3997,
    721,
    2100,
    5354,
    854,
    2056,
    6347,
    2883,
    789,
    823,
    4714,
    4918,
    971,
    4147,
    6234,
    4426,
    2920,
    4954,
    3514,
    4922,
    3454,
    4513,
    285,
    4565,
    1545,
    6042,
    5714,
    4724,
    4729,
    5186,
    542,
    5446,
    4412,
    4494,
    4996,
    4480,
    2451,
    414,
    234,
    635,
    6414,
    325,
    6038,
    1191,
    2857,
    1282,
    2483,
    1199,
    903,
    4047,
    4549,
    5206,
    2646,
    494,
    2929,
    4556,
    3893,
    4888,
    4906,
    4746,
    480,
    400,
    4820,
    2050,
    5457,
    3656,
    4804,
    424,
    3121,
    2608,
    344,
    5599,
    488,
    5184,
    5962,
    1083,
    1424,
    4632,
    5072,
    3611,
    4272,
    2483,
    3223,
    297,
    3977,
    5494,
    4711,
    351,
    6723,
    6438,
    5248,
    3892,
    3197,
    4494,
    5809,
    468,
    5406,
    4652,
    3108,
    1306,
    2186,
    5252,
    5432,
    545,
    274,
    367,
    1898,
    4853,
    3518,
    6423,
    5311,
    3094,
    4159,
    1798,
    2183,
    2070,
    668,
    6583,
    4655,
    6291,
    5183
  ],
  "pred_sample": [
    6135.56,
    2061.92,
    704.89,
    2167.38,
    4064.6,
    4378.51,
    5825.32,
    5850.74,
    4857.91,
    3253.13,
    868.93,
    6422.22,
    3827.02,
    3443.16,
    352.63,
    3490.07,
    5812.41,
    360.65,
    4719.23,
    4628.94,
    3232.89,
    1820.82,
    4511.84,
    3140.06,
    4718.69,
    5866.35,
    4730.22,
    4798.4,
    342.42,
    833.36,
    2044.14,
    281.19,
    2816.76,
    2582.64,
    6748.84,
    3535.94,
    706.57,
    2273.17,
    5159.13,
    4915.57,
    6072.89,
    5373.26,
    4781.21,
    6141.56,
    5344.8,
    3247.7,
    5661.22,
    4967.54,
    683.86,
    3276.88,
    1611.88,
    1459.29,
    4253.31,
    3923.11,
    3334.07,
    916.43,
    2499.68,
    467.36,
    713.51,
    3609.01,
    5383.16,
    5664.15,
    5645.13,
    920.55,
    1212.44,
    4898.7,
    2708.61,
    404.77,
    414.02,
    5468.26,
    367.65,
    318.08,
    3219.57,
    3393.61,
    6882.78,
    1740.0,
    508.78,
    5425.47,
    761.92,
    4001.48,
    770.16,
    2115.46,
    5242.23,
    988.45,
    2253.12,
    6264.46,
    2945.96,
    806.83,
    797.33,
    4674.6,
    4957.73,
    950.57,
    4286.88,
    6348.32,
    4578.17,
    2951.38,
    5012.02,
    3901.89,
    5491.02,
    3448.23,
    4422.58,
    278.86,
    4531.74,
    1665.43,
    6104.07,
    5908.95,
    4835.99,
    4726.21,
    5130.65,
    809.09,
    5438.09,
    4334.49,
    4537.86,
    4946.66,
    4054.36,
    4339.86,
    375.73,
    242.66,
    670.49,
    6554.64,
    341.56,
    5884.39,
    1249.41,
    2918.81,
    1267.74,
    2547.29,
    1251.66,
    900.11,
    4224.78,
    3358.11,
    5085.13,
    2914.54,
    595.36,
    2939.55,
    4462.82,
    2845.74,
    4873.4,
    4948.55,
    4788.02,
    427.25,
    350.93,
    5074.14,
    2677.13,
    5538.73,
    3569.49,
    4828.59,
    415.6,
    2913.52,
    2723.69,
    410.89,
    5546.77,
    444.88,
    5285.57,
    6074.83,
    974.81,
    1427.91,
    4717.97,
    4884.04,
    3601.33,
    4299.92,
    2996.68,
    2983.92,
    298.37,
    4079.35,
    5650.75,
    4734.12,
    302.86,
    6532.41,
    6725.43,
    5296.93,
    4242.61,
    3215.16,
    4536.64,
    5974.01,
    526.85,
    4942.34,
    4764.45,
    3022.81,
    1254.93,
    2181.32,
    4914.05,
    5411.2,
    584.17,
    282.41,
    374.6,
    2360.93,
    5011.81,
    3566.39,
    6228.0,
    5447.98,
    2983.64,
    4287.7,
    1779.06,
    2669.64,
    2142.8,
    780.72,
    6463.83,
    4708.53,
    6108.24,
    4942.89
  ]
}